{
  "inverted_index": {
    "python": {
      "doc1": 1,
      "doc2": 1,
      "doc4": 1
    },
    "is": {
      "doc1": 1
    },
    "a": {
      "doc1": 1
    },
    "powerful": {
      "doc1": 1
    },
    "programming": {
      "doc1": 1
    },
    "language": {
      "doc1": 1
    },
    "used": {
      "doc1": 1
    },
    "for": {
      "doc1": 1,
      "doc5": 1
    },
    "data": {
      "doc1": 1,
      "doc3": 1
    },
    "science": {
      "doc1": 1,
      "doc3": 1
    },
    "and": {
      "doc1": 1,
      "doc3": 1,
      "doc4": 1
    },
    "web": {
      "doc1": 1,
      "doc4": 1
    },
    "development": {
      "doc1": 1,
      "doc4": 1
    },
    "machine": {
      "doc2": 1,
      "doc3": 1
    },
    "learning": {
      "doc2": 1,
      "doc3": 1
    },
    "algorithms": {
      "doc2": 1
    },
    "can": {
      "doc2": 1
    },
    "be": {
      "doc2": 1
    },
    "implemented": {
      "doc2": 1
    },
    "efficiently": {
      "doc2": 1
    },
    "in": {
      "doc2": 1
    },
    "involves": {
      "doc3": 1
    },
    "statistical": {
      "doc3": 1
    },
    "analysis": {
      "doc3": 1
    },
    "techniques": {
      "doc3": 1
    },
    "with": {
      "doc4": 1
    },
    "uses": {
      "doc4": 1
    },
    "frameworks": {
      "doc4": 1
    },
    "like": {
      "doc4": 1
    },
    "django": {
      "doc4": 1
    },
    "flask": {
      "doc4": 1
    },
    "information": {
      "doc5": 1
    },
    "retrieval": {
      "doc5": 1
    },
    "systems": {
      "doc5": 1
    },
    "use": {
      "doc5": 1
    },
    "inverted": {
      "doc5": 1
    },
    "indexes": {
      "doc5": 1
    },
    "efficient": {
      "doc5": 1
    },
    "searching": {
      "doc5": 1
    }
  },
  "documents": {
    "doc1": "Python is a powerful programming language used for data science and web development",
    "doc2": "Machine learning algorithms can be implemented efficiently in Python",
    "doc3": "Data science involves statistical analysis and machine learning techniques",
    "doc4": "Web development with Python uses frameworks like Django and Flask",
    "doc5": "Information retrieval systems use inverted indexes for efficient searching"
  },
  "document_frequency": {
    "is": 1,
    "development": 2,
    "data": 2,
    "python": 3,
    "programming": 1,
    "language": 1,
    "web": 2,
    "and": 3,
    "used": 1,
    "science": 2,
    "for": 2,
    "powerful": 1,
    "a": 1,
    "learning": 2,
    "be": 1,
    "implemented": 1,
    "efficiently": 1,
    "machine": 2,
    "algorithms": 1,
    "can": 1,
    "in": 1,
    "analysis": 1,
    "statistical": 1,
    "involves": 1,
    "techniques": 1,
    "uses": 1,
    "like": 1,
    "django": 1,
    "frameworks": 1,
    "flask": 1,
    "with": 1,
    "searching": 1,
    "indexes": 1,
    "efficient": 1,
    "systems": 1,
    "inverted": 1,
    "use": 1,
    "information": 1,
    "retrieval": 1
  },
  "doc_lengths": {
    "doc1": 3.605551275463989,
    "doc2": 3.0,
    "doc3": 3.0,
    "doc4": 3.1622776601683795,
    "doc5": 3.0
  },
  "vocabulary": [
    "indexes",
    "django",
    "like",
    "used",
    "efficiently",
    "information",
    "algorithms",
    "systems",
    "techniques",
    "powerful",
    "in",
    "analysis",
    "efficient",
    "frameworks",
    "programming",
    "language",
    "web",
    "flask",
    "use",
    "can",
    "with",
    "a",
    "retrieval",
    "uses",
    "is",
    "statistical",
    "learning",
    "be",
    "and",
    "machine",
    "involves",
    "data",
    "searching",
    "development",
    "python",
    "implemented",
    "inverted",
    "science",
    "for"
  ],
  "total_docs": 5
}